[{
  "_id": {
    "$oid": "67b21555a10564d7ac559a09"
  },
  "name": "東海大學",
  "level": 3,
  "is_close": false,
  "created_at": {
    "$date": "2025-02-16T16:41:57.441Z"
  },
  "__v": 0
},
{
  "_id": {
    "$oid": "67b364fc0c91b2f90d772fdd"
  },
  "name": "台灣大學",
  "level": 1,
  "is_close": false,
  "created_at": {
    "$date": "2025-02-17T16:34:04.238Z"
  },
  "__v": 0
},
{
  "_id": {
    "$oid": "67b3660210919c6160898182"
  },
  "name": "靜宜大學",
  "level": 4,
  "is_close": false,
  "created_at": {
    "$date": "2025-02-17T16:38:26.471Z"
  },
  "__v": 0
},
{
  "_id": {
    "$oid": "67b370e5f51cc13378acfc80"
  },
  "name": "中興大學",
  "level": 2,
  "is_close": false,
  "created_at": {
    "$date": "2025-02-17T17:24:53.389Z"
  },
  "__v": 0
},
{
  "_id": {
    "$oid": "67b372b9e5b420ad8c8a2701"
  },
  "name": "亞洲大學",
  "level": 4,
  "is_close": false,
  "created_at": {
    "$date": "2025-02-17T17:32:41.061Z"
  },
  "__v": 0
},
{
  "_id": {
    "$oid": "67b37436e5b420ad8c8a2704"
  },
  "name": "逢甲大學",
  "level": 3,
  "is_close": false,
  "created_at": {
    "$date": "2025-02-17T17:39:02.921Z"
  },
  "__v": 0
}]